{
  "last_name": {
    "precision": 1.0,
    "recall": 0.5714285714285714,
    "f1-score": 0.7272727272727273,
    "support": 7,
    "confused_with": {}
  },
  "covid_test_status": {
    "precision": 1.0,
    "recall": 1.0,
    "f1-score": 1.0,
    "support": 14,
    "confused_with": {}
  },
  "student_id": {
    "precision": 1.0,
    "recall": 1.0,
    "f1-score": 1.0,
    "support": 16,
    "confused_with": {}
  },
  "first_name": {
    "precision": 1.0,
    "recall": 0.5714285714285714,
    "f1-score": 0.7272727272727273,
    "support": 7,
    "confused_with": {}
  },
  "covid_test_type": {
    "precision": 1.0,
    "recall": 1.0,
    "f1-score": 1.0,
    "support": 10,
    "confused_with": {}
  },
  "micro avg": {
    "precision": 1.0,
    "recall": 0.8888888888888888,
    "f1-score": 0.9411764705882353,
    "support": 54
  },
  "macro avg": {
    "precision": 1.0,
    "recall": 0.8285714285714285,
    "f1-score": 0.890909090909091,
    "support": 54
  },
  "weighted avg": {
    "precision": 1.0,
    "recall": 0.8888888888888888,
    "f1-score": 0.9292929292929294,
    "support": 54
  },
  "accuracy": 0.9903536977491961
}